damage_mean,damage_se,episodes,experiment,loss_mean,loss_se,method,regret_mean,regret_se,runs,suffix_loss_mean,suffix_loss_se,violation_mean,violation_se
0.0,0.0,256,stage_separation,128.59843984900428,1.8494390954697053,Reference,8.098439849004295,0.6138568090007118,10,,,,
10.117426947250845,0.6775579392925847,256,stage_separation,133.38999661734425,1.8775244991328293,Departure,12.889996617344252,0.4531761046514191,10,,,,
127.40156015099569,1.8494390954697078,256,stage_separation,256.0,0.0,Rolling,135.5,2.0723041389826067,10,,,,
1.049971936686254,0.212632559732238,256,stage_separation,82.99258741733999,0.9422712169038783,Fixed,-37.50741258266001,1.6403071007090193,10,,,,
9.596724247342822,0.0054774599824689565,256,stage_separation,138.19516409634713,1.8451906249615468,Hedge,17.695164096347117,0.6142668502502177,10,,,,
2.685218738925556,0.3155406164433761,256,stage_separation,21.310318722882496,0.18654188336257313,EAFR-OMD,-99.1896812771175,1.9637239327882965,10,,,,
4.273638453417384,0.4341584324793356,256,stage_separation,39.07270030479454,0.279279628886171,SA-EAFR-OMD,-81.42729969520546,1.9082172985672143,10,,,,
0.0,0.0,2048,bad_to_exact,1026.1884989827383,2.2558559133826113,Reference,17.188498982738402,2.168977973450657,20,515.9511766203243,1.3130382533547413,,
105.98566596637352,6.8729615635091905,2048,bad_to_exact,1040.4231048076495,2.4404145833558846,Departure,31.423104807649487,1.8306816424194379,20,500.37987252166903,1.3146734904218742,,
513.762677637586,1.8856453725293527,2048,bad_to_exact,1024.0,0.0,Rolling,15.0,2.728986702249139,20,0.0,0.0,,
215.78806535112648,2.7332826369029903,2048,bad_to_exact,1010.4043272207912,5.041927246983557,Fixed,1.4043272207909638,4.953286055100213,20,284.3789395072505,2.1954369000244407,,
13.497713499166334,0.003520536401904125,2048,bad_to_exact,1024.7810061787025,1.1166615363596224,Hedge,15.781006178702478,2.184618403202267,20,501.04597031712217,1.1677221145202346,,
30.545981503887823,0.07964849806529577,2048,bad_to_exact,1040.7391477584918,2.3033612700368518,EAFR-OMD,31.739147758491583,2.2197734395296234,20,499.95584389218976,1.2750574511649002,,
17.122730672105735,0.00621066683391584,2048,bad_to_exact,543.5686317668203,1.905162538849921,Fresh-copy EAFR-OMD,-465.4313682331796,2.5331231720145815,20,16.20857873230116,0.08699183737202279,,
12.311115692642584,0.04910015438182299,2048,bad_to_exact,541.2021576641054,1.8816301940163678,SA-EAFR-OMD,-467.79784233589464,2.5313820074100906,20,18.653719609049013,0.12737400858832687,,
0.0,0.0,2048,stochastic_resource,1025.29653185693,2.395857241046163,Reference,9.696531856929806,1.7440705434545802,20,,,21.204138642148255,1.8198548993102375
211.1039644010536,1.627602125556427,2048,stochastic_resource,839.6373911492349,3.7963157845634696,Rolling,-175.9626088507651,3.509482869249923,20,,,76.38238163503986,0.7037701163093107
25.25922302345542,0.13661314226980734,2048,stochastic_resource,1003.5621163931486,2.3579594396064607,EAFR-OMD,-12.037883606851171,1.5403376658794996,20,,,21.718129615159754,1.6438993296570845
