episodes,runs,method_id,method,cumulative_loss_mean,cumulative_loss_se,average_loss_mean,average_loss_se,static_regret_mean,static_regret_se,average_static_regret_mean,average_static_regret_se,forecast_downside_mean,forecast_downside_se,positive_expected_resource_violation_mean,positive_expected_resource_violation_se
64,10,reference,Forecast-blind OMD (h=0),31.383527066254963,0.8826798128371449,0.4903676104102338,0.01379187207558039,3.5835270662549648,0.4832049669725688,0.055992610410233824,0.007550077608946388,0.0,0.0,2.886579864025407e-16,5.780746012175156e-17
64,10,departure_optimistic,Departure-only optimistic OMD (h=M0),33.747309310402485,0.8640046732402717,0.5273017079750388,0.013500073019379246,5.947309310402488,0.34484012857006924,0.09292670797503888,0.005388127008907332,3.1048841292906664,0.23467098162694416,3.774758283725532e-16,9.391433956765797e-17
64,10,rolling,Rolling replanning,64.0,0.0,1.0,0.0,36.2,0.9752492558885194,0.565625,0.015238269623258116,32.61647293374504,0.8826798128371453,0.0,0.0
64,10,fixed_penalty,Fixed-penalty replanning (mu=1),20.904446664678094,0.4304583620825106,0.3266319791355952,0.006725911907539228,-6.895553335321907,0.6547143104534129,-0.10774302086440479,0.010229911100834576,0.5115368096370592,0.08697593225217959,1.0880185641326535e-15,1.885564179290977e-16
64,10,episode_hedge,Episode Hedge (reference/rolling),36.212443206125734,0.8716100978510603,0.5658194250957146,0.013618907778922816,8.412443206125737,0.47902061470791973,0.13144442509571463,0.007484697104811246,4.828916139870766,0.012741555885519947,1.021405182655144e-15,2.0986837273595998e-16
64,10,eafr_omd,EAFR-OMD,10.611207838850902,0.15977399896095498,0.16580012248204534,0.0024964687337649216,-17.188792161149095,0.96339937681249,-0.2685748775179546,0.015053115262695156,2.245733508185593,0.25828072790752027,0.0,0.0
64,10,sa_eafr_omd,SA-EAFR-OMD,21.47825768951231,0.25168356438131767,0.33559777639862987,0.003932555693458089,-6.321742310487693,0.9031211914449946,-0.0987772236013702,0.01411126861632804,3.534528583592808,0.32822128931284494,1.3100631690576848e-15,1.459801385203779e-16
64,10,ignore_ignore,Ignore early / ignore late,31.383527066254963,0.8826798128371449,0.4903676104102338,0.01379187207558039,3.5835270662549648,0.4832049669725688,0.055992610410233824,0.007550077608946388,0.0,0.0,2.886579864025407e-16,5.780746012175156e-17
64,10,ignore_trust,Ignore early / trust late,6.619525710498339e-16,5.3892448243983744e-17,1.0343008922653655e-17,8.42069503812246e-19,-27.8,0.9752492558885194,-0.434375,0.015238269623258116,1.8437041409491972e-17,6.78215755729157e-18,0.0,0.0
64,10,trust_ignore,Trust early / ignore late,64.0,0.0,1.0,0.0,36.2,0.9752492558885194,0.565625,0.015238269623258116,32.61647293374504,0.8826798128371453,0.0,0.0
64,10,trust_trust,Trust early / trust late,64.0,0.0,1.0,0.0,36.2,0.9752492558885194,0.565625,0.015238269623258116,32.61647293374504,0.8826798128371453,0.0,0.0
128,10,reference,Forecast-blind OMD (h=0),64.57039095179343,1.029671883263578,0.5044561793108862,0.008044311587996704,4.9703909517934175,0.4321722884551607,0.038831179310886074,0.003376346003555943,0.0,0.0,2.886579864025407e-16,5.780746012175156e-17
128,10,departure_optimistic,Departure-only optimistic OMD (h=M0),67.92446357349418,1.0237796314777707,0.5306598716679233,0.007998278370920084,8.324463573494182,0.3765059265997663,0.0650348716679233,0.002941452551560674,5.710198188745867,0.37075530324480144,4.2188474935755947e-16,9.034666063970041e-17
128,10,rolling,Rolling replanning,128.0,0.0,1.0,0.0,68.4,1.203698005684519,0.534375,0.009403890669410305,63.429609048206586,1.0296718832635796,0.0,0.0
128,10,fixed_penalty,Fixed-penalty replanning (mu=1),41.91974701557892,0.3990687739816836,0.3274980235592103,0.003117724796731903,-17.68025298442108,0.9635404275552,-0.1381269764407897,0.007527659590275,0.6414848137482614,0.10835140626236824,2.19824158875781e-15,4.2058423840456796e-16
128,10,episode_hedge,Episode Hedge (reference/rolling),71.3975108476624,1.0232411789489042,0.5577930534973625,0.007994071710538314,11.797510847662398,0.43150748519626136,0.09216805349736248,0.003371152228095792,6.827119895868978,0.007189542475917863,1.1102230246251565e-15,1.516853423009164e-16
128,10,eafr_omd,EAFR-OMD,15.042402407524577,0.1746012421765723,0.11751876880878576,0.0013640722045044711,-44.55759759247542,1.1669863135662253,-0.3481062311912142,0.009117080574736135,2.4047376106977083,0.2731690661918828,0.0,0.0
128,10,sa_eafr_omd,SA-EAFR-OMD,29.7267932559832,0.2616275136911191,0.23224057231236875,0.002043964950711868,-29.8732067440168,1.1453320375481941,-0.23338442768763126,0.008947906543345267,3.884157849401805,0.3775155854393685,2.9753977059954196e-15,1.9638363766907452e-16
128,10,ignore_ignore,Ignore early / ignore late,64.57039095179343,1.029671883263578,0.5044561793108862,0.008044311587996704,4.9703909517934175,0.4321722884551607,0.038831179310886074,0.003376346003555943,0.0,0.0,2.886579864025407e-16,5.780746012175156e-17
128,10,ignore_trust,Ignore early / trust late,1.0498768196854226e-15,6.431803657346205e-17,8.202162653792364e-18,5.024846607301722e-19,-59.6,1.203698005684519,-0.465625,0.009403890669410305,2.5160392805384344e-17,8.384742159442436e-18,0.0,0.0
128,10,trust_ignore,Trust early / ignore late,128.0,0.0,1.0,0.0,68.4,1.203698005684519,0.534375,0.009403890669410305,63.429609048206586,1.0296718832635796,0.0,0.0
128,10,trust_trust,Trust early / trust late,128.0,0.0,1.0,0.0,68.4,1.203698005684519,0.534375,0.009403890669410305,63.429609048206586,1.0296718832635796,0.0,0.0
256,10,reference,Forecast-blind OMD (h=0),128.59843984900428,1.8494390954697053,0.502337655660173,0.007224371466678536,8.098439849004295,0.6138568090007118,0.03163453066017303,0.0023978781601590306,0.0,0.0,2.886579864025407e-16,5.780746012175156e-17
256,10,departure_optimistic,Departure-only optimistic OMD (h=M0),133.38999661734425,1.8775244991328293,0.521054674286501,0.007334080074737614,12.889996617344252,0.4531761046514191,0.050351549286500985,0.001770219158794606,10.117426947250845,0.6775579392925847,5.995204332975846e-16,1.1490197457394083e-16
256,10,rolling,Rolling replanning,256.0,0.0,1.0,0.0,135.5,2.0723041389826067,0.529296875,0.008094938042900807,127.40156015099569,1.8494390954697078,0.0,0.0
256,10,fixed_penalty,Fixed-penalty replanning (mu=1),82.99258741733999,0.9422712169038783,0.32418979459898434,0.0036807469410307745,-37.50741258266001,1.6403071007090193,-0.14651333040101566,0.006407449612144607,1.049971936686254,0.212632559732238,3.9968028886505635e-15,5.685189909856897e-16
256,10,episode_hedge,Episode Hedge (reference/rolling),138.19516409634713,1.8451906249615468,0.539824859751356,0.007207775878756042,17.695164096347117,0.6142668502502177,0.06912173475135593,0.0023994798837899127,9.596724247342822,0.0054774599824689565,2.9531932455029166e-15,2.750526351282374e-16
256,10,eafr_omd,EAFR-OMD,21.310318722882496,0.18654188336257313,0.08324343251125975,0.0007286792318850513,-99.1896812771175,1.9637239327882965,-0.38745969248874024,0.007670796612454283,2.685218738925556,0.3155406164433761,0.0,0.0
256,10,sa_eafr_omd,SA-EAFR-OMD,39.07270030479454,0.2792796288861717,0.15262773556560366,0.0010909360503366082,-81.42729969520545,1.908217298567214,-0.3180753894343963,0.007453973822528179,4.273638453417385,0.4341584324793356,6.1284310959308644e-15,3.3950161026710746e-16
256,10,ignore_ignore,Ignore early / ignore late,128.59843984900428,1.8494390954697053,0.502337655660173,0.007224371466678536,8.098439849004295,0.6138568090007118,0.03163453066017303,0.0023978781601590306,0.0,0.0,2.886579864025407e-16,5.780746012175156e-17
256,10,ignore_trust,Ignore early / trust late,1.7287818778107936e-15,1.5055695292629198e-16,6.753054210198412e-18,5.881130973683281e-19,-120.5,2.0723041389826067,-0.470703125,0.008094938042900807,2.8882141494733154e-17,9.536685384637862e-18,0.0,0.0
256,10,trust_ignore,Trust early / ignore late,256.0,0.0,1.0,0.0,135.5,2.0723041389826067,0.529296875,0.008094938042900807,127.40156015099569,1.8494390954697078,0.0,0.0
256,10,trust_trust,Trust early / trust late,256.0,0.0,1.0,0.0,135.5,2.0723041389826067,0.529296875,0.008094938042900807,127.40156015099569,1.8494390954697078,0.0,0.0
512,10,reference,Forecast-blind OMD (h=0),255.72506757783412,2.644075807938865,0.4994630226129573,0.005164210562380596,10.825067577834137,1.3759053532817653,0.0211427101129573,0.002687315143128448,0.0,0.0,2.886579864025407e-16,5.780746012175156e-17
512,10,departure_optimistic,Departure-only optimistic OMD (h=M0),262.32366558509165,2.696488398583024,0.5123509093458821,0.005266578903482469,17.423665585091676,1.1516268717587355,0.03403059684588218,0.00224927123390378,17.612258866066476,1.4246918278468632,9.992007221626409e-16,1.4140520735482256e-16
512,10,rolling,Rolling replanning,512.0,0.0,1.0,0.0,267.1,2.841947688939166,0.5216796875,0.0055506790799593085,256.2749324221658,2.6440758079388664,0.0,0.0
512,10,fixed_penalty,Fixed-penalty replanning (mu=1),167.14457113165764,1.2816376968181384,0.32645424049151883,0.0025031986265979266,-77.75542886834234,3.17108521234795,-0.15186607200848112,0.00619352580536709,2.0513280319812637,0.3390817763391754,8.371081605673681e-15,8.638204220373858e-16
512,10,episode_hedge,Episode Hedge (reference/rolling),269.2215643746159,2.639447341241767,0.5258233679191717,0.005155170588362826,24.321564374615964,1.3733315130695916,0.047503055419171804,0.002682288111464046,13.49649679678171,0.005169273421983695,5.17363929475323e-15,3.7602175583256476e-16
512,10,eafr_omd,EAFR-OMD,30.161128028230547,0.19944117735030042,0.058908453180137786,0.0003895335495123055,-214.73887197176947,2.727924705662814,-0.41941185931986225,0.005327977940747684,3.0737587911839483,0.3743935705404271,0.0,0.0
512,10,sa_eafr_omd,SA-EAFR-OMD,51.3747506781242,0.2856362100205047,0.10034130991821133,0.0005578832226962983,-193.5252493218758,2.6683142853589983,-0.3779790025817887,0.0052115513385917935,4.818643945024476,0.5098623460327799,1.2700951401711791e-14,6.101627009728405e-16
512,10,ignore_ignore,Ignore early / ignore late,255.72506757783412,2.644075807938865,0.4994630226129573,0.005164210562380596,10.825067577834137,1.3759053532817653,0.0211427101129573,0.002687315143128448,0.0,0.0,2.886579864025407e-16,5.780746012175156e-17
512,10,ignore_trust,Ignore early / trust late,3.4676378706565583e-15,2.697392422974281e-16,6.7727302161260905e-18,5.268344576121643e-19,-244.9,2.841947688939166,-0.4783203125,0.0055506790799593085,3.3865783341613104e-17,1.0037192713441617e-17,0.0,0.0
512,10,trust_ignore,Trust early / ignore late,512.0,0.0,1.0,0.0,267.1,2.841947688939166,0.5216796875,0.0055506790799593085,256.2749324221658,2.6440758079388664,0.0,0.0
512,10,trust_trust,Trust early / trust late,512.0,0.0,1.0,0.0,267.1,2.841947688939166,0.5216796875,0.0055506790799593085,256.2749324221658,2.6440758079388664,0.0,0.0
1024,10,reference,Forecast-blind OMD (h=0),512.0619812262662,2.613538546899516,0.5000605285412756,0.0025522837372065586,15.96198122626618,2.13904051412458,0.015587872291275567,0.002088906752074785,0.0,0.0,2.886579864025407e-16,5.780746012175156e-17
1024,10,departure_optimistic,Departure-only optimistic OMD (h=M0),522.096711295565,2.8258099661311293,0.5098600696245752,0.002759580045049931,25.996711295564932,1.761891706541329,0.02538741337457513,0.0017205973696692667,36.55425616793839,3.9899760557283037,1.2212453270876722e-15,1.4140520735482256e-16
1024,10,rolling,Rolling replanning,1024.0,0.0,1.0,0.0,527.9,2.8614293242674678,0.51552734375,0.002794364574479949,511.9380187737338,2.613538546899524,0.0,0.0
1024,10,fixed_penalty,Fixed-penalty replanning (mu=1),336.3639363318791,3.4369620464481363,0.32848040657410066,0.003356408248484508,-159.73606366812095,5.75182926411644,-0.15599224967589936,0.005617020765738711,3.388743343458011,0.4659742519842904,2.1094237467877974e-14,1.974963017440946e-15
1024,10,episode_hedge,Episode Hedge (reference/rolling),531.0732580022715,2.609762977594079,0.5186262285178432,0.0025485966578067177,34.97325800227149,2.1358626445408126,0.034153572267843255,0.0020858033638093874,19.01127677600508,0.0050935797894963095,1.1080025785759062e-14,6.116423202326695e-16
1024,10,eafr_omd,EAFR-OMD,42.671716453708655,0.20856338301659533,0.04167159809932486,0.00020367517872714387,-453.42828354629137,2.760202101936754,-0.44280105815067516,0.0026955098651726115,3.3262603742080414,0.3835478738057335,0.0,0.0
1024,10,sa_eafr_omd,SA-EAFR-OMD,66.71098819390629,0.29303972468263373,0.06514744940811161,0.0002861716061353845,-429.3890118060937,2.7184385071593757,-0.4193252068418884,0.002654725104647828,5.10848587490125,0.5106078636277225,2.731148640577885e-14,5.052565230164658e-16
1024,10,ignore_ignore,Ignore early / ignore late,512.0619812262662,2.613538546899516,0.5000605285412756,0.0025522837372065586,15.96198122626618,2.13904051412458,0.015587872291275567,0.002088906752074785,0.0,0.0,2.886579864025407e-16,5.780746012175156e-17
1024,10,ignore_trust,Ignore early / trust late,6.3894809035069794e-15,4.156080215006014e-16,6.2397274448310346e-18,4.0586720849668107e-19,-496.1,2.8614293242674678,-0.48447265625,0.002794364574479949,3.570020885859539e-17,9.540103096060061e-18,0.0,0.0
1024,10,trust_ignore,Trust early / ignore late,1024.0,0.0,1.0,0.0,527.9,2.8614293242674678,0.51552734375,0.002794364574479949,511.9380187737338,2.613538546899524,0.0,0.0
1024,10,trust_trust,Trust early / trust late,1024.0,0.0,1.0,0.0,527.9,2.8614293242674678,0.51552734375,0.002794364574479949,511.9380187737338,2.613538546899524,0.0,0.0
2048,10,reference,Forecast-blind OMD (h=0),1027.5786414287281,2.951167613826272,0.5017473835101212,0.0014409998114386093,20.478641428728235,1.743127585144602,0.009999336635121208,0.0008511365161838877,0.0,0.0,3.108624468950438e-16,6.783574731503467e-17
2048,10,departure_optimistic,Departure-only optimistic OMD (h=M0),1042.8316632822837,3.2573988110139247,0.5091951480870526,0.001590526763190393,35.73166328228363,1.2741089818319724,0.017447101212052552,0.0006221235262851428,76.83776253265603,5.355024845021004,1.3988810110276972e-15,1.366772274070996e-16
2048,10,rolling,Rolling replanning,2048.0,0.0,1.0,0.0,1040.9,3.701201006280109,0.508251953125,0.0018072270538477095,1020.4213585712718,2.9511676138262075,0.0,0.0
2048,10,fixed_penalty,Fixed-penalty replanning (mu=1),663.7119123472804,4.686175335648768,0.3240780822008205,0.00228817155060975,-343.38808765271966,6.688751810241473,-0.16766996467417952,0.003265992094844469,5.346729285236685,0.48346819988518036,4.203304371230843e-14,3.180753981600397e-15
2048,10,episode_hedge,Episode Hedge (reference/rolling),1054.3912479834948,2.9476402944155407,0.5148394765544408,0.0014392774875075882,47.29124798349503,1.7434842596838522,0.023091429679440934,0.000851310673673756,26.81260655476738,0.005094818728876259,2.3447910280083305e-14,1.1058722942192722e-15
2048,10,eafr_omd,EAFR-OMD,60.354472676119656,0.2086634017396282,0.02946995736138655,0.00010188642663067783,-946.7455273238804,3.6713837943717684,-0.4622780895136135,0.00179266786834559,3.5984533874865066,0.34523474581282726,0.0,0.0
2048,10,sa_eafr_omd,SA-EAFR-OMD,87.7172350791034,0.2929877341722088,0.04283068119096846,0.00014306041707627383,-919.3827649208968,3.6514166675499786,-0.4489173656840316,0.001782918294702138,5.448379649878779,0.47972780493512673,5.4134474680722635e-14,7.043478247090176e-16
2048,10,ignore_ignore,Ignore early / ignore late,1027.5786414287281,2.951167613826272,0.5017473835101212,0.0014409998114386093,20.478641428728235,1.743127585144602,0.009999336635121208,0.0008511365161838877,0.0,0.0,3.108624468950438e-16,6.783574731503467e-17
2048,10,ignore_trust,Ignore early / trust late,1.1224131036792876e-14,6.087268830405592e-16,5.4805327328090215e-18,2.9722992335964807e-19,-1007.1,3.7012010062801086,-0.491748046875,0.0018072270538477093,4.089676755424876e-17,9.411942923118017e-18,0.0,0.0
2048,10,trust_ignore,Trust early / ignore late,2048.0,0.0,1.0,0.0,1040.9,3.701201006280109,0.508251953125,0.0018072270538477095,1020.4213585712718,2.9511676138262075,0.0,0.0
2048,10,trust_trust,Trust early / trust late,2048.0,0.0,1.0,0.0,1040.9,3.701201006280109,0.508251953125,0.0018072270538477095,1020.4213585712718,2.9511676138262075,0.0,0.0
4096,10,reference,Forecast-blind OMD (h=0),2053.982805302724,4.191308573863095,0.5014606458258604,0.0010232686947907947,23.382805302723476,6.164448581389455,0.005708692700860224,0.001504992329440785,0.0,0.0,3.552713678800501e-16,6.783574731503468e-17
4096,10,departure_optimistic,Departure-only optimistic OMD (h=M0),2075.9902295064157,3.8963605682011084,0.5068335521255898,0.0009512599043459737,45.390229506415565,5.1168807033321,0.011081599000589738,0.0012492384529619385,143.07669000551567,7.853794274154832,1.8207657603852566e-15,1.6483893843470142e-16
4096,10,rolling,Rolling replanning,4096.0,0.0,1.0,0.0,2065.4,4.883532419149984,0.504248046875,0.001192268657019039,2042.0171946972773,4.191308573862968,0.0,0.0
4096,10,fixed_penalty,Fixed-penalty replanning (mu=1),1297.1955007993104,10.797295357292512,0.31669812031233163,0.002636058436838992,-733.4044992006895,12.256336878505708,-0.17905383281266835,0.0029922697457289327,8.596138630012454,1.1693324647338108,7.061018436615996e-14,4.0647574840075805e-15
4096,10,episode_hedge,Episode Hedge (reference/rolling),2091.8302654194417,4.1896078016696485,0.5107007483934184,0.001022853467204504,61.230265419441594,6.16357093152811,0.014948795268418358,0.001504778059455105,37.847460116719716,0.005087788484302321,3.907985046680551e-14,1.7861982268383698e-15
4096,10,eafr_omd,EAFR-OMD,85.33506404760763,0.20376209015230767,0.020833755870997957,4.974660404109074e-05,-1945.2649359523923,4.799663557451893,-0.47491819725400203,0.0011717928607060286,3.825850151426465,0.33443668043395064,0.0,0.0
4096,10,sa_eafr_omd,SA-EAFR-OMD,115.4046981675397,0.288294744866123,0.0281749751385595,7.038445919583081e-05,-1915.1953018324602,4.769336164053108,-0.4675769779864405,0.0011643887119270283,5.688505492298925,0.4685529744879224,1.1086687123906813e-13,1.6076908554670145e-15
4096,10,ignore_ignore,Ignore early / ignore late,2053.982805302724,4.191308573863095,0.5014606458258604,0.0010232686947907947,23.382805302723476,6.164448581389455,0.005708692700860224,0.001504992329440785,0.0,0.0,3.552713678800501e-16,6.783574731503468e-17
4096,10,ignore_trust,Ignore early / trust late,2.0409095593922758e-14,1.0971913108027862e-15,4.982689353985048e-18,2.678689723639615e-19,-2030.6,4.883532419149984,-0.495751953125,0.001192268657019039,4.414119383792604e-17,8.501314084612298e-18,0.0,0.0
4096,10,trust_ignore,Trust early / ignore late,4096.0,0.0,1.0,0.0,2065.4,4.883532419149984,0.504248046875,0.001192268657019039,2042.0171946972773,4.191308573862968,0.0,0.0
4096,10,trust_trust,Trust early / trust late,4096.0,0.0,1.0,0.0,2065.4,4.883532419149984,0.504248046875,0.001192268657019039,2042.0171946972773,4.191308573862968,0.0,0.0
