episodes,paired_runs,contrast,cumulative_loss_difference_mean,cumulative_loss_difference_se,ci95_low,ci95_high,average_loss_difference_mean,average_loss_ci95_low,average_loss_ci95_high,static_regret_difference_mean
64,10,EAFR-OMD minus Forecast-blind OMD (h=0),-20.77231922740406,0.813687645541135,-22.613008562998793,-18.93162989180933,-0.32456748792818846,-0.35332825879685614,-0.2958067170595208,-20.77231922740406
64,10,EAFR-OMD minus Departure-only optimistic OMD (h=M0),-23.13610147155159,0.8126555474347505,-24.974456039022314,-21.297746904080867,-0.3615015854929936,-0.39022587560972366,-0.33277729537626355,-23.13610147155159
64,10,EAFR-OMD minus Rolling replanning,-53.388792161149105,0.15977399896095465,-53.7502260573184,-53.02735826497981,-0.8341998775179548,-0.8398472821456,-0.8285524728903095,-53.388792161149105
64,10,EAFR-OMD minus Fixed-penalty replanning (mu=1),-10.293238825827192,0.3838209224026956,-11.161502074650304,-9.42497557700408,-0.16083185665354988,-0.174398469916411,-0.14726524339068875,-10.293238825827192
64,10,EAFR-OMD minus Episode Hedge (reference/rolling),-25.601235367274832,0.8035535452693685,-27.41899977535185,-23.783470959197814,-0.40001930261366925,-0.42842187148987265,-0.37161673373746584,-25.601235367274832
64,10,EAFR-OMD minus SA-EAFR-OMD,-10.867049850661406,0.11162634907339199,-11.119566195768407,-10.614533505554405,-0.16979765391658447,-0.17374322180888135,-0.16585208602428758,-10.867049850661406
64,10,EAFR-OMD minus Ignore early / trust late,10.611207838850902,0.15977399896095518,10.249773942681605,10.972641735020199,0.16580012248204534,0.16015271785440008,0.1714475271096906,10.611207838850902
128,10,EAFR-OMD minus Forecast-blind OMD (h=0),-49.52798854426884,0.9497273742039339,-51.67642112647546,-47.37955596206221,-0.3869374105021003,-0.40372204005058954,-0.37015278095361104,-49.52798854426884
128,10,EAFR-OMD minus Departure-only optimistic OMD (h=M0),-52.8820611659696,0.9612655519661479,-55.056594919645995,-50.70752741229321,-0.4131411028591375,-0.43012964780973434,-0.3961525579085407,-52.8820611659696
128,10,EAFR-OMD minus Rolling replanning,-112.95759759247544,0.17460124217657202,-113.35257304308864,-112.56262214186224,-0.8824812311912144,-0.88556697689913,-0.8793954854832987,-112.95759759247544
128,10,EAFR-OMD minus Fixed-penalty replanning (mu=1),-26.87734460805434,0.2947098780726474,-27.544024669666904,-26.210664546441777,-0.20997925475042453,-0.21518769273177268,-0.20477081676907638,-26.87734460805434
128,10,EAFR-OMD minus Episode Hedge (reference/rolling),-56.35510844013781,0.9437426069046172,-58.490002538130945,-54.22021434214468,-0.44027428468857666,-0.456953144829148,-0.4235954245480053,-56.35510844013781
128,10,EAFR-OMD minus SA-EAFR-OMD,-14.684390848458623,0.092665492729456,-14.894014756575485,-14.47476694034176,-0.11472180350358299,-0.11635949028574598,-0.11308411672142,-14.684390848458623
128,10,EAFR-OMD minus Ignore early / trust late,15.042402407524577,0.17460124217657244,14.647426956911369,15.437377858137785,0.11751876880878576,0.11443302310087007,0.12060451451670144,15.042402407524577
256,10,EAFR-OMD minus Forecast-blind OMD (h=0),-107.2881211261218,1.7324414446746337,-111.20717594922186,-103.36906630302173,-0.41909422314891326,-0.4344030310516479,-0.4037854152461786,-107.2881211261218
256,10,EAFR-OMD minus Departure-only optimistic OMD (h=M0),-112.07967789446175,1.780269091378282,-116.10692637112953,-108.05242941779397,-0.4378112417752412,-0.45354268113722473,-0.4220798024132577,-112.07967789446175
256,10,EAFR-OMD minus Rolling replanning,-234.6896812771175,0.1865418833625723,-235.11166833471734,-234.26769421951767,-0.9167565674887402,-0.9184049544324896,-0.9151081805449909,-234.6896812771175
256,10,EAFR-OMD minus Fixed-penalty replanning (mu=1),-61.68226869445749,0.8874127015754593,-63.68973569363375,-59.67480169528123,-0.24094636208772457,-0.24878803005325684,-0.2331046941221923,-61.68226869445749
256,10,EAFR-OMD minus Episode Hedge (reference/rolling),-116.88484537346463,1.728292527028858,-120.79451469279469,-112.97517605413456,-0.4565814272400962,-0.47185357301872927,-0.44130928146146314,-116.88484537346463
256,10,EAFR-OMD minus SA-EAFR-OMD,-17.76238158191204,0.09790423296840436,-17.98385634378418,-17.540906820039904,-0.06938430305434391,-0.07024943884290695,-0.06851916726578088,-17.76238158191204
256,10,EAFR-OMD minus Ignore early / trust late,21.310318722882496,0.18654188336257352,20.888331665282657,21.732305780482335,0.08324343251125975,0.08159504556751038,0.08489181945500912,21.310318722882496
512,10,EAFR-OMD minus Forecast-blind OMD (h=0),-225.5639395496036,2.533984651186826,-231.2962110785616,-219.83166802064557,-0.4405545694328195,-0.45175041226281565,-0.42935872660282337,-225.5639395496036
512,10,EAFR-OMD minus Departure-only optimistic OMD (h=M0),-232.1625375568611,2.5982027530520435,-238.04008052493114,-226.28499458879108,-0.45344245616574436,-0.46492203227525614,-0.4419628800562326,-232.1625375568611
512,10,EAFR-OMD minus Rolling replanning,-481.83887197176944,0.19944117735029968,-482.29003925965793,-481.38770468388094,-0.9410915468198622,-0.9419727329290194,-0.940210360710705,-481.83887197176944
512,10,EAFR-OMD minus Fixed-penalty replanning (mu=1),-136.98344310342708,1.2871147394806906,-139.89509893061282,-134.07178727624134,-0.267545787311381,-0.27323261509885316,-0.26185895952390886,-136.98344310342708
512,10,EAFR-OMD minus Episode Hedge (reference/rolling),-239.06043634638544,2.529361071869402,-244.78224861227304,-233.33862408049785,-0.46691491473903407,-0.4780903293208458,-0.45573950015722237,-239.06043634638544
512,10,EAFR-OMD minus SA-EAFR-OMD,-21.213622649893654,0.09193357888505571,-21.4215908538649,-21.00565444592241,-0.041432856738073544,-0.04183904463645488,-0.04102666883969221,-21.213622649893654
512,10,EAFR-OMD minus Ignore early / trust late,30.161128028230547,0.19944117735030042,29.70996074034207,30.612295316119024,0.058908453180137786,0.058027267070980604,0.05978963928929497,30.161128028230547
1024,10,EAFR-OMD minus Forecast-blind OMD (h=0),-469.39026477255754,2.4947960610693243,-475.0338855516835,-463.7466439934316,-0.4583889304419507,-0.46390027885906593,-0.4528775820248355,-469.39026477255754
1024,10,EAFR-OMD minus Departure-only optimistic OMD (h=M0),-479.4249948418563,2.700077604732196,-485.53299473535776,-473.3169949483548,-0.4681884715252503,-0.4741533151712478,-0.46222362787925275,-479.4249948418563
1024,10,EAFR-OMD minus Rolling replanning,-981.3282835462911,0.20856338301659694,-981.8000866970676,-980.8564803955146,-0.9583284019006749,-0.9587891471651051,-0.9578676566362447,-981.3282835462911
1024,10,EAFR-OMD minus Fixed-penalty replanning (mu=1),-293.6922198781704,3.5292814497380856,-301.67600918902434,-285.7084305673165,-0.2868088084747758,-0.2946054777236566,-0.279012139225895,-293.6922198781704
1024,10,EAFR-OMD minus Episode Hedge (reference/rolling),-488.4015415485628,2.491019348728665,-494.03661881081575,-482.7664642863099,-0.4769546304185184,-0.48245763555743726,-0.4714516252795995,-488.4015415485628
1024,10,EAFR-OMD minus SA-EAFR-OMD,-24.03927174019765,0.0900450001857143,-24.242967682336776,-23.83557579805852,-0.023475851308786766,-0.023674773127282008,-0.023276929490291524,-24.03927174019765
1024,10,EAFR-OMD minus Ignore early / trust late,42.67171645370864,0.20856338301659536,42.19991330293216,43.14351960448512,0.041671598099324844,0.04121085283489469,0.042132343363755,42.67171645370864
2048,10,EAFR-OMD minus Forecast-blind OMD (h=0),-967.2241687526086,2.9458151105808263,-973.8880655051197,-960.5602720000976,-0.4722774261487347,-0.4755312819849217,-0.46902357031254766,-967.2241687526086
2048,10,EAFR-OMD minus Departure-only optimistic OMD (h=M0),-982.477190606164,3.214084011466891,-989.7479537743551,-975.2064274379728,-0.479725190725666,-0.4832753680538843,-0.47617501339744767,-982.477190606164
2048,10,EAFR-OMD minus Rolling replanning,-1987.6455273238803,0.2086634017396304,-1988.1175567327275,-1987.173497915033,-0.9705300426386134,-0.9707605257484021,-0.9702995595288247,-1987.6455273238803
2048,10,EAFR-OMD minus Fixed-penalty replanning (mu=1),-603.3574396711606,4.787656045174391,-614.187870086492,-592.5270092558292,-0.2946081248394339,-0.2998964209406699,-0.28931982873819784,-603.3574396711606
2048,10,EAFR-OMD minus Episode Hedge (reference/rolling),-994.0367753073755,2.9424308370809396,-1000.693016301348,-987.3805343134029,-0.48536951919305443,-0.4886196368658926,-0.48211940152021626,-994.0367753073755
2048,10,EAFR-OMD minus SA-EAFR-OMD,-27.36276240298376,0.09025473502694506,-27.566932798296254,-27.158592007671263,-0.013360723829581913,-0.013460416405418093,-0.013261031253745734,-27.36276240298376
2048,10,EAFR-OMD minus Ignore early / trust late,60.35447267611964,0.20866340173962855,59.88244326727244,60.82650208496684,0.029469957361386544,0.029239474251597872,0.029700440471175215,60.35447267611964
4096,10,EAFR-OMD minus Forecast-blind OMD (h=0),-1968.6477412551162,4.192836848694396,-1978.1325971645947,-1959.1628853456377,-0.48062688995486236,-0.4829425286046374,-0.47831125130508734,-1968.6477412551162
4096,10,EAFR-OMD minus Departure-only optimistic OMD (h=M0),-1990.655165458808,3.8453738775168422,-1999.3540055192498,-1981.956325398366,-0.4859997962545918,-0.4881235365037231,-0.48387605600546046,-1990.655165458808
4096,10,EAFR-OMD minus Rolling replanning,-4010.664935952392,0.20376209015231986,-4011.1258778241254,-4010.203994080659,-0.979166244129002,-0.9792787787656556,-0.9790537094923484,-4010.664935952392
4096,10,EAFR-OMD minus Fixed-penalty replanning (mu=1),-1211.860436751703,10.897354783679212,-1236.5119659305328,-1187.2089075728732,-0.29586436444133374,-0.301882804182259,-0.2898459247004085,-1211.860436751703
4096,10,EAFR-OMD minus Episode Hedge (reference/rolling),-2006.495201371834,4.1912497367186425,-2015.9764669845883,-1997.0139357590795,-0.4898669925224204,-0.49218175463490926,-0.4875522304099315,-2006.495201371834
4096,10,EAFR-OMD minus SA-EAFR-OMD,-30.069634119932097,0.09067197459950978,-30.274748376732248,-29.864519863131946,-0.007341219267561547,-0.0073912959904131464,-0.007291142544709948,-30.069634119932097
4096,10,EAFR-OMD minus Ignore early / trust late,85.3350640476076,0.203762090152308,84.87412217587449,85.79600591934071,0.02083375587099795,0.020721221234344358,0.02094629050765154,85.3350640476076
